,Условное обозначение Ziehl-Abegg,Каталожный номер,specific products,Типоразмер,Расход воздуха,Статическое давление,"Давление, динамическое",Суммарное давление,Класс SFP,Значение SFP,"Электрическая мощность, потребляемая системой",Суммарный КПД системы,"КПД системы, статич.",Потребляемая электрическая мощность,Суммарный КПД,"КПД системы, статич.1",Мощность на валу,"Мощность на валу, макс.",Суммарный КПД рабочего колеса,"КПД рабочего колеса, статич.",Частота вращения вентилятора,"Уровень звуковой мощности на стороне всасывания, ненормированный","Уровень звуковой мощности на стороне всасывания, характеристика А","Уровень звуковой мощности на стороне нагнетания, ненормированный","Уровень звуковой мощности на стороне нагнетания, характеристика А",частоты октавной полосы,"Уровень звуковой мощности на стороне всасывания, ненормированный1","Уровень звуковой мощности на стороне всасывания, характеристика А1","Уровень звуковой мощности на стороне нагнетания, ненормированный1","Уровень звуковой мощности на стороне нагнетания, характеристика А1",Частота в рабочей точке,Напряжение в рабочей точке,Ток в рабочей точке,Коэфф. k для давления в сопле,Дифф. давление в сопле,Расход воздуха при питании от сети,Статическое давление при питании от сети,Суммарное давление при питании от сети,Плотность перемещаемой среды,Тип электропривода,Напряжение сети,Схема соединений,Номинальная частота,Потребляемая электрическая мощность1,Выходная мощность,Номинальный ток,Номинальная частота вращения,Макс. допустимая температура перемещаемой среды,КПД,производительность,производительность1,Степень защиты,Класс нагревостойкости изоляции,"Частота, макс.",Сеть электропитания,Ширина,Высота,Глубина,Масса изделия,защитная решетка и ее влияние включены,Группа продукции,корпус/рабочее колесо,Кол-во вентиляторов,Тип двигателя,Установленная мощность
0,GR31IZID.DC.CR,116890/A01,Portfolio STDWW G1,315,2800,1819,16,1835,6,3116,2424,58.9,58.4,,,,,,,,3852,96,86,100,94,"63,125,250,500,1000,2000,4000,8000","92.94,81.15,91.42,83.23,76.36,74.02,72.15,67.34","63.86,65.43,83.55,79.98,76.23,75.20,73.17,66.34","95.31,83.19,97.02,87.86,86.19,84.97,81.22,75.99","66.22,67.75,89.59,84.79,86.14,86.14,82.23,75.03",50,400,3.72,106,698,2921,1979,1997,1.16,3,400,,50,3.0,,,4020,45,"73,7","79,2",62,55,155,,3~ 400V 50Hz ,450,450,383,21,Нет,ZAbluefin,0.0,1,EC,3.0
1,GR45IZID.GG.CR,116903/A01,Portfolio STDWW G1,450,11000,900,60,960,4,1466,4481,65.5,61.4,,,,,,,,2598,91,85,97,93,"63,125,250,500,1000,2000,4000,8000","85.18,83.11,85.72,83.46,75.88,74.60,73.02,80.94","60.05,67.02,76.67,79.57,75.68,75.73,73.87,78.92","85.10,85.84,91.77,89.83,86.59,86.50,83.07,84.00","59.80,70.49,82.20,86.70,86.43,87.66,84.02,82.22",50,400,6.83,220,2500,11111,918,980,1.16,3,400,,50,5.0,,,2620,40,"73,4","76,6",62,55,155,,3~ 400V 50Hz ,600,600,484,37,Нет,ZAbluefin,0.0,1,EC,5.0
2,GR31IZID.DC.CR,116890/A01,Portfolio STDWW G1,315,3000,1200,19,1219,4,1860,1550,65.5,64.5,,,,,,,,3233,84,78,91,86,"63,125,250,500,1000,2000,4000,8000","72.02,64.07,82.34,74.17,69.22,68.07,65.54,60.67","43.84,48.19,73.50,70.94,69.19,69.25,66.57,59.58","76.86,70.86,90.01,79.35,79.95,79.65,74.82,70.60","48.78,55.42,81.26,76.39,79.94,80.81,75.83,69.57",50,400,2.43,106,801,3727,1852,1881,1.16,3,400,,50,3.0,,,4020,45,"73,7","79,2",62,55,155,,3~ 400V 50Hz ,450,450,383,21,Нет,ZAbluefin,0.0,1,EC,3.0
3,GR45IZID.DG.CR,116901/A01,Portfolio STDWW G1,450,8000,300,32,332,2,551,1223,60.4,54.5,,,,,,,,1731,83,76,87,82,"63,125,250,500,1000,2000,4000,8000","77.63,79.08,76.15,73.47,66.49,65.02,66.92,67.52","52.25,63.12,68.28,69.71,66.31,66.19,67.76,67.18","77.26,83.91,79.13,79.69,76.30,71.49,70.76,71.43","51.77,68.86,70.79,76.66,76.01,72.63,71.62,71.05",50,400,1.95,220,1322,9448,418,464,1.16,3,400,,50,2.4,,,2050,40,"75,1","81,5",62,55,155,,3~ 400V 50Hz ,600,600,440,31,Нет,ZAbluefin,0.0,1,EC,2.4
4,GR45IZID.GG.CR,116903/A01,Portfolio STDWW G1,450,9000,1200,40,1240,4,1747,4367,71.0,68.7,,,,,,,,2509,86,81,94,91,"63,125,250,500,1000,2000,4000,8000","79.92,74.77,81.63,79.54,73.20,72.14,69.30,70.93","53.65,58.75,72.25,75.79,73.05,73.29,70.24,69.50","81.78,80.57,90.69,86.24,83.77,85.02,81.47,77.60","56.13,65.39,80.66,83.15,83.68,86.18,82.45,76.48",50,400,6.66,220,1674,9407,1311,1355,1.16,3,400,,50,5.0,,,2620,40,"73,4","76,6",62,55,155,,3~ 400V 50Hz ,600,600,484,37,Нет,ZAbluefin,0.0,1,EC,5.0
5,GR35IZID.DG.CR,116893/A01,Portfolio STDWW G1,355,5000,1200,32,1232,4,1750,2430,70.4,68.6,,,,,,,,3070,83,77,89,85,"63,125,250,500,1000,2000,4000,8000","76.57,69.00,79.33,74.73,71.19,67.81,64.87,63.34","48.33,52.60,70.80,71.56,70.97,68.97,65.85,62.02","78.98,73.55,85.09,79.98,80.76,78.36,73.91,70.46","51.02,58.07,76.44,77.11,80.66,79.50,74.91,69.31",50,400,3.74,140,1276,5552,1480,1519,1.16,3,400,,50,3.3,,,3410,50,"74,0","79,0",62,55,155,,3~ 400V 50Hz ,500,500,422,25,Нет,ZAbluefin,0.0,1,EC,3.3
6,GR40CZID.GG.CR,179087/A01,Portfolio STDWW G1,400,6000,1800,70,1870,6,3024,5040,61.8,59.5,,,,,,,,3132,90,87,97,96,"63,125,250,500,1000,2000,4000,8000","79.93,76.30,82.34,85.69,80.22,78.80,75.96,75.18","53.33,60.29,75.04,81.59,80.12,79.99,76.94,74.21","81.34,79.87,86.67,88.69,89.19,92.08,88.67,82.07","54.44,64.38,78.99,84.88,89.12,93.31,89.69,81.27",50,400,7.66,154,1518,6081,1849,1921,1.16,3,400,,50,5.6,,,3170,40,"61,8","64,4",62,54,155,,3~ 400V 50Hz ,550,550,381,39,Нет,Cpro,0.0,1,EC,5.6
7,ER71I4DN.I7.1R,115958/0Z01,Portfolio STDWW G1,710,18860,1300,51,1351,4,1856,9724,72.8,70.0,9433.0,75.1,72.2,8668.0,8689.0,81.7,78.6,1554,86,82,91,88,"63,125,250,500,1000,2000,4000,8000","75.94,82.54,78.23,76.02,77.14,75.44,71.97,69.31","47.26,66.61,69.52,72.96,77.02,76.60,72.95,68.16","78.82,85.43,82.79,85.25,82.29,81.06,76.46,72.31","51.77,69.47,74.65,82.04,82.18,82.22,77.49,71.35",53,400,17.33,530,1266,17800,1158,1204,1.16,3,400,D,50,,11.0,21.35,1465,40,"72,9","72,9",62,55,155,57.0,3~ 400V 50Hz D,1023,960,1045,226,Нет,ZAbluefin,0.0,1,AC,11.0
8,GR25I6ID.BD.CR,116882/A01,Portfolio STDWW G1,250,1000,300,5,305,2,534,148,57.2,56.2,,,,,,,,2061,65,59,71,67,"63,125,250,500,1000,2000,4000,8000","50.91,62.76,53.86,55.83,53.86,49.89,45.62,41.43","24.64,48.71,45.60,53.26,53.59,51.02,46.59,40.73","52.22,67.76,59.76,61.30,64.02,58.67,53.03,47.97","26.22,54.03,50.84,58.81,63.89,59.79,54.02,47.18",50,230,0.67,67,223,1539,710,723,1.16,1,230,,50,0.5,,,3170,55,"73,6","87,3",62,54,155,,1~ 230V 50Hz ,375,375,302,11,Нет,ZAbluefin,0.0,1,EC,0.5
9,GR45IZID.GG.CR,116903/A01,Portfolio STDWW G1,450,12000,600,72,672,3,1171,3903,57.4,51.2,,,,,,,,2579,93,88,98,95,"63,125,250,500,1000,2000,4000,8000","84.36,84.68,87.34,85.76,78.09,76.29,74.83,84.56","58.99,69.04,78.81,81.88,77.90,77.43,75.65,82.55","84.79,87.15,92.82,91.74,88.95,87.28,83.85,87.47","59.37,72.19,83.44,88.69,88.72,88.43,84.80,85.53",50,400,5.96,220,2975,12192,619,694,1.16,3,400,,50,5.0,,,2620,40,"73,4","76,6",62,55,155,,3~ 400V 50Hz ,600,600,484,37,Нет,ZAbluefin,0.0,1,EC,5.0
10,GR35IZID.DC.CR,116892/A01,Portfolio STDWW G1,355,5000,900,32,932,4,1323,1838,70.4,68.0,,,,,,,,2795,81,75,86,83,"63,125,250,500,1000,2000,4000,8000","75.85,71.30,74.88,73.65,69.59,66.01,63.93,62.53","49.42,54.31,66.12,70.14,69.49,67.16,64.89,61.06","76.15,74.20,81.99,77.94,78.38,76.39,73.00,70.41","49.91,58.34,72.95,74.92,78.28,77.54,73.99,69.13",50,400,2.85,140,1276,5549,1109,1148,1.16,3,400,,50,2.5,,,3100,50,"74,1","80,4",62,55,155,,3~ 400V 50Hz ,500,500,384,21,Нет,ZAbluefin,0.0,1,EC,2.5
11,GR35IZID.DG.CR,116893/A01,Portfolio STDWW G1,355,4000,600,20,620,3,889,987,69.8,67.5,,,,,,,,2265,75,70,81,77,"63,125,250,500,1000,2000,4000,8000","65.59,67.97,70.02,68.81,63.55,59.82,57.34,56.71","40.33,53.63,60.85,65.09,63.35,60.98,58.33,55.45","67.13,72.49,74.69,73.50,73.39,69.89,65.33,62.83","41.67,58.56,65.04,70.52,73.28,71.03,66.33,61.71",50,400,1.63,140,816,6016,1357,1403,1.16,3,400,,50,3.3,,,3410,50,"74,0","79,0",62,55,155,,3~ 400V 50Hz ,500,500,422,25,Нет,ZAbluefin,0.0,1,EC,3.3
12,GR45IZID.GG.CR,116902/A01,Portfolio STDWW G1,450,10000,600,50,650,3,1021,2837,63.6,58.7,,,,,,,,2260,89,82,94,90,"63,125,250,500,1000,2000,4000,8000","81.91,82.20,83.12,80.31,73.34,71.89,71.49,77.16","56.69,66.74,74.44,76.21,73.07,73.03,72.34,75.79","82.02,85.22,88.54,86.04,84.08,83.85,80.19,81.57","56.86,70.79,78.88,82.86,83.92,84.97,81.15,80.23",50,400,4.34,220,2066,10197,624,676,1.16,3,400,,50,3.4,,,2300,55,"75,0","80,0",62,55,155,,3~ 400V 50Hz ,600,600,484,37,Нет,ZAbluefin,0.0,1,EC,3.4
13,GR40CZID.GG.CR,179087/A01,Portfolio STDWW G1,400,5410,1900,57,1957,6,3259,4898,60.1,58.3,,,,,,,,3127,90,87,97,96,"63,125,250,500,1000,2000,4000,8000","81.18,76.47,84.15,85.56,79.71,78.71,76.05,74.81","54.84,60.52,76.97,81.53,79.57,79.90,77.03,73.81","81.56,80.08,88.05,88.96,88.81,92.03,88.61,82.00","54.95,64.77,80.58,85.17,88.76,93.25,89.63,81.22",50,400,7.44,154,1234,5492,1958,2017,1.16,3,400,,50,5.6,,,3170,40,"61,8","64,4",62,54,155,,3~ 400V 50Hz ,550,550,398,39,Нет,Cpro,0.0,1,EC,5.6
14,ER63C4DN.I7.CR*,163662/2Z41,Portfolio STDWW G1,630,19350,1300,119,1419,4,1974,10611,71.9,65.9,10293.0,74.1,67.9,9462.0,9568.0,80.6,73.9,1888,89,86,94,92,"63,125,250,500,1000,2000,4000,8000","71.11,76.97,85.31,77.48,79.71,79.19,79.32,77.99","45.83,62.81,75.52,74.32,79.77,80.35,80.22,77.09","78.92,80.25,88.49,88.73,87.47,84.29,83.47,79.34","53.46,65.56,79.17,85.72,87.31,85.45,84.41,78.60",64,400,,381,2579,14950,776,847,1.16,3,400,D,50,,11.0,21.4,1465,40,"70,2","70,1",62,55,155,67.0,3~ 400V 50Hz D,813,760,937,177,Нет,Cpro,0.0,1,AC,11.0
15,GR56IZID.GQ.CR,117348/A01,Portfolio STDWW G1,560,14000,900,39,939,4,1302,5063,72.2,69.1,,,,,,,,1857,87,79,94,87,"63,125,250,500,1000,2000,4000,8000","82.64,82.39,80.79,74.61,72.22,68.83,65.87,70.24","56.29,68.01,73.08,71.74,72.19,69.98,66.87,68.72","84.74,91.42,84.51,85.13,81.23,78.51,75.47,73.29","59.58,77.74,76.50,82.11,81.00,79.65,76.47,71.98",50,400,7.69,355,1555,14033,904,944,1.16,3,400,,50,5.2,,,1860,40,"75,8","78,8",62,55,155,,3~ 400V 50Hz ,730,730,610,67,Нет,ZAbluefin,0.0,1,EC,5.2
16,GR25I6ID.BD.CR,116883/A01,Portfolio STDWW G1,250,2000,600,21,621,3,939,522,66.1,63.9,,,,,,,,3239,73,70,79,77,"63,125,250,500,1000,2000,4000,8000","63.01,57.02,67.89,66.04,65.31,59.54,58.50,60.57","35.36,41.22,59.78,63.44,65.10,60.68,59.43,59.56","65.92,61.22,73.70,69.76,72.44,69.92,66.23,65.86","38.83,45.72,65.83,66.86,72.49,71.05,67.18,64.85",50,230,2.31,67,891,2307,798,826,1.16,1,230,,50,0.78,,,3730,55,"74,1","85,7",62,54,155,,1~ 230V 50Hz ,375,375,302,11,Нет,ZAbluefin,0.0,1,EC,0.78
17,GR31IZID.DC.CR,116890/A01,Portfolio STDWW G1,315,3000,900,19,919,4,1354,1129,67.8,66.5,,,,,,,,2884,77,72,85,82,"63,125,250,500,1000,2000,4000,8000","65.82,62.65,74.51,69.53,65.92,63.69,60.66,57.56","38.44,48.25,64.89,66.22,65.77,64.86,61.66,56.51","69.76,68.77,81.61,75.36,77.00,76.13,71.04,67.19","42.77,54.37,72.17,72.43,76.97,77.28,72.04,66.24",50,400,1.81,106,801,4177,1745,1781,1.16,3,400,,50,3.0,,,4020,45,"73,7","79,2",62,55,155,,3~ 400V 50Hz ,450,450,383,21,Нет,ZAbluefin,0.0,1,EC,3.0
18,GR31I6IK.BD.CR,116886/A01,Portfolio STDWW G1,315,3000,300,18,318,1,493,411,64.6,60.9,,,,,,,,2108,73,66,78,73,"63,125,250,500,1000,2000,4000,8000","67.67,68.77,65.00,65.64,58.96,54.93,55.55,56.65","42.48,53.46,56.39,62.53,58.73,56.10,56.44,55.68","66.84,71.74,71.57,69.84,69.41,64.37,62.00,62.41","41.41,57.51,62.07,66.71,69.25,65.51,62.90,61.51",50,230,1.81,106,801,3090,318,338,1.16,1,230,,50,0.48,,,2170,50,"75,4","89,3",62,54,155,,1~ 230V 50Hz ,450,450,334,14,Нет,ZAbluefin,0.0,1,EC,0.48
19,GR25I6ID.BD.CR,116882/A01,Portfolio STDWW G1,250,1000,500,5,505,3,915,254,55.2,54.7,,,,,,,,2567,74,66,82,74,"63,125,250,500,1000,2000,4000,8000","62.53,69.83,70.63,62.60,60.43,55.28,51.82,47.29","36.58,56.08,60.37,59.60,60.13,56.42,52.82,46.29","63.71,73.61,80.34,67.71,70.24,64.31,59.19,54.23","37.43,60.00,69.64,64.67,70.06,65.44,60.19,53.28",50,230,1.12,67,223,1239,767,775,1.16,1,230,,50,0.5,,,3170,55,"73,6","87,3",62,54,155,,1~ 230V 50Hz ,375,375,302,11,Нет,ZAbluefin,0.0,1,EC,0.5
20,GR35IZID.DG.CR,116893/A01,Portfolio STDWW G1,355,4000,900,20,920,4,1322,1469,69.6,68.1,,,,,,,,2596,79,73,86,81,"63,125,250,500,1000,2000,4000,8000","67.55,67.63,76.68,73.10,66.52,63.38,60.23,58.70","40.79,53.39,66.41,69.34,66.39,64.54,61.22,57.38","71.19,73.35,83.76,76.59,76.31,73.57,68.84,65.41","44.59,59.31,73.36,73.53,76.27,74.71,69.84,64.27",50,400,2.33,140,816,5245,1547,1582,1.16,3,400,,50,3.3,,,3410,50,"74,0","79,0",62,55,155,,3~ 400V 50Hz ,500,500,422,25,Нет,ZAbluefin,0.0,1,EC,3.3
21,GR40CZID.GG.CR,179087/A01,Portfolio STDWW G1,400,5000,2000,49,2049,6,3517,4885,58.3,56.9,,,,,,,,3150,92,87,98,97,"63,125,250,500,1000,2000,4000,8000","86.47,78.06,86.57,85.93,79.58,79.04,76.61,74.96","58.71,62.05,79.47,81.95,79.42,80.23,77.59,73.96","86.19,81.50,89.69,89.57,88.83,92.22,88.92,82.22","58.04,66.22,82.32,85.77,88.78,93.45,89.94,81.44",50,400,7.43,154,1054,5039,2031,2081,1.16,3,400,,50,5.6,,,3170,40,"61,8","64,4",62,54,155,,3~ 400V 50Hz ,550,550,381,39,Нет,Cpro,0.0,1,EC,5.6
22,GR31IZID.DC.CR,116889/A01,Portfolio STDWW G1,315,1000,1400,2,1402,6,4437,1232,31.6,31.6,,,,,,,,3343,95,88,99,94,"63,125,250,500,1000,2000,4000,8000","87.78,90.09,89.01,88.76,79.43,74.53,70.23,64.29","63.09,73.67,80.59,85.28,79.20,75.68,71.25,63.39","87.80,92.31,93.77,91.57,89.48,84.67,79.56,75.14","62.64,76.90,84.95,88.17,89.45,85.81,80.57,74.12",50,400,1.98,106,89,1100,1694,1697,1.16,3,400,,50,2.4,,,3700,55,"74,3","80,8",62,55,155,,3~ 400V 50Hz ,450,450,363,18,Нет,ZAbluefin,0.0,1,EC,2.4
23,GR25I6ID.BD.CR,116883/A01,Portfolio STDWW G1,250,1000,900,5,905,4,1850,514,48.9,48.6,,,,,,,,3432,85,77,90,84,"63,125,250,500,1000,2000,4000,8000","74.90,77.70,81.62,75.43,70.43,64.47,60.74,56.55","49.95,61.31,72.92,72.21,70.15,65.60,61.74,55.54","75.52,79.67,87.93,79.42,77.46,74.28,68.67,63.69","49.94,64.52,79.25,76.07,77.51,75.40,69.67,62.74",50,230,2.28,67,223,1090,1070,1076,1.16,1,230,,50,0.78,,,3730,55,"74,1","85,7",62,54,155,,1~ 230V 50Hz ,375,375,302,11,Нет,ZAbluefin,0.0,1,EC,0.78
24,GR31IZID.DC.CR,116889/A01,Portfolio STDWW G1,315,3000,1600,18,1618,5,2595,2162,62.4,61.7,,,,,,,,3661,91,84,97,91,"63,125,250,500,1000,2000,4000,8000","73.93,71.37,89.94,79.61,71.85,71.04,68.95,64.63","47.77,55.70,81.63,76.46,71.80,72.22,69.96,63.57","77.92,76.06,96.03,84.19,82.88,82.46,79.67,76.37","52.21,60.82,87.90,81.11,82.91,83.63,80.68,75.25",50,400,3.35,106,801,3032,1634,1653,1.16,3,400,,50,2.4,,,3700,55,"74,3","80,8",62,55,155,,3~ 400V 50Hz ,450,450,363,18,Нет,ZAbluefin,0.0,1,EC,2.4
25,GR31IZID.DC.CR,116890/A01,Portfolio STDWW G1,315,1000,1900,2,1902,7,6868,1908,27.7,27.7,,,,,,,,3885,99,93,103,99,"63,125,250,500,1000,2000,4000,8000","91.89,90.84,93.30,93.97,85.21,79.82,75.66,69.44","65.92,75.08,85.11,90.61,84.93,80.97,76.68,68.56","92.20,93.30,97.26,96.68,94.72,90.33,84.75,78.80","66.13,78.42,89.10,93.43,94.66,91.46,85.77,77.90",50,400,2.96,106,89,1034,2032,2034,1.16,3,400,,50,3.0,,,4020,45,"73,7","79,2",62,55,155,,3~ 400V 50Hz ,450,450,383,21,Нет,ZAbluefin,0.0,1,EC,3.0
26,GR40IZID.GG.CR,116897/A01,Portfolio STDWW G1,400,10000,300,81,381,3,962,2672,39.6,31.2,,,,,,,,2829,94,91,99,97,"63,125,250,500,1000,2000,4000,8000","81.14,81.86,87.68,86.97,79.50,78.00,74.20,90.53","56.05,65.80,79.51,83.13,79.26,79.16,75.17,88.09","84.04,85.33,91.28,91.00,90.81,89.77,86.14,92.30","57.93,70.43,82.61,87.90,90.69,90.94,87.10,90.01",50,400,4.1,180,3086,10118,307,390,1.16,3,400,,50,3.7,,,2860,55,"72,7","77,3",62,55,155,,3~ 400V 50Hz ,550,550,458,34,Нет,ZAbluefin,0.0,1,EC,3.7
27,GR45IZID.DG.CR,117340/A01,Portfolio STDWW G1,450,6000,300,18,318,1,475,792,66.9,63.1,,,,,,,,1444,78,68,82,74,"63,125,250,500,1000,2000,4000,8000","73.28,73.37,68.99,65.23,59.69,58.54,59.40,52.55","47.29,56.62,60.65,61.51,59.55,59.71,60.25,52.09","73.20,79.01,72.08,72.15,69.10,64.88,63.68,57.51","47.33,62.68,63.63,68.99,68.88,66.02,64.54,57.03",50,400,1.33,220,744,8544,608,645,1.16,3,400,,50,2.4,,,2050,40,"75,1","81,5",62,55,155,,3~ 400V 50Hz ,600,600,438,31,Нет,ZAbluefin,0.0,1,EC,2.4
28,GR25I6ID.BD.CR,116882/A01,Portfolio STDWW G1,250,671,791,2,793,5,2022,377,39.2,39.1,,,,,,,,3174,88,78,91,84,"63,125,250,500,1000,2000,4000,8000","83.02,83.29,80.75,77.63,71.58,65.08,60.93,55.19","56.56,66.91,72.03,74.38,71.16,66.21,61.94,54.25","85.07,84.36,85.61,81.16,78.96,74.80,67.92,62.12","56.94,69.16,76.41,77.75,78.93,75.91,68.91,61.20",50,230,1.66,67,100,671,791,793,1.16,1,230,,50,0.5,,,3170,55,"73,6","87,3",62,54,155,,1~ 230V 50Hz ,375,375,302,11,Нет,ZAbluefin,0.0,1,EC,0.5
29,GR56IZID.GL.CR,117347/A01,Portfolio STDWW G1,560,15000,600,45,645,3,980,4085,65.8,61.2,,,,,,,,1768,88,80,93,88,"63,125,250,500,1000,2000,4000,8000","82.05,84.85,81.32,76.29,72.26,69.48,65.93,73.99","56.94,69.82,73.12,73.25,72.28,70.62,66.91,72.25","83.54,89.20,85.16,86.51,81.49,78.58,74.37,76.52","58.46,74.86,76.96,83.47,81.33,79.71,75.37,74.89",60,460,5.41,355,1785,15115,609,655,1.16,3,460,,60,4.6,,,1780,40,"75,7","79,3",62,55,155,,3~ 460V 60Hz ,730,730,575,59,Нет,ZAbluefin,0.0,1,EC,4.6
30,GR45IZID.GG.CR,116903/A01,Portfolio STDWW G1,450,10000,900,50,950,4,1408,3912,67.5,63.9,,,,,,,,2458,89,82,94,91,"63,125,250,500,1000,2000,4000,8000","84.04,81.03,83.65,80.82,73.98,72.51,71.04,75.64","58.70,65.26,74.63,77.03,73.81,73.66,71.93,74.10","84.12,84.84,89.05,87.27,84.49,84.79,81.34,80.28","58.82,69.82,79.67,84.14,84.37,85.94,82.31,78.93",50,400,5.97,220,2066,10673,1025,1082,1.16,3,400,,50,5.0,,,2620,40,"73,4","76,6",62,55,155,,3~ 400V 50Hz ,600,600,484,37,Нет,ZAbluefin,0.0,1,EC,5.0
31,GR45IZID.GG.CR,116903/A01,Portfolio STDWW G1,450,7000,1500,24,1524,5,2272,4418,67.1,66.0,,,,,,,,2547,90,83,97,92,"63,125,250,500,1000,2000,4000,8000","75.70,81.40,87.50,80.55,74.10,73.90,69.56,66.50","48.38,67.74,77.33,76.66,74.01,75.05,70.56,65.41","80.04,87.35,94.26,86.99,84.71,85.75,81.86,75.87","54.21,73.64,83.75,83.79,84.62,86.91,82.85,74.97",50,400,6.73,220,1012,7212,1592,1618,1.16,3,400,,50,5.0,,,2620,40,"73,4","76,6",62,55,155,,3~ 400V 50Hz ,600,600,484,37,Нет,ZAbluefin,0.0,1,EC,5.0
32,GR31IZID.DC.CR,116890/A01,Portfolio STDWW G1,315,1000,1100,2,1102,6,3290,914,33.5,33.4,,,,,,,,2982,94,85,97,91,"63,125,250,500,1000,2000,4000,8000","88.60,88.91,86.80,85.15,76.62,71.71,67.09,60.77","63.72,72.64,78.32,81.61,76.36,72.86,68.11,59.92","87.68,91.04,91.30,88.34,86.08,81.76,75.36,69.71","62.38,75.73,82.43,84.93,86.02,82.89,76.37,68.83",50,400,1.52,106,89,1352,2010,2014,1.16,3,400,,50,3.0,,,4020,45,"73,7","79,2",62,55,155,,3~ 400V 50Hz ,450,450,383,21,Нет,ZAbluefin,0.0,1,EC,3.0
33,GR45IZID.GG.CR,116903/A01,Portfolio STDWW G1,450,7000,1400,24,1424,5,2097,4078,67.9,66.8,,,,,,,,2477,88,81,95,91,"63,125,250,500,1000,2000,4000,8000","74.52,80.78,85.37,79.53,73.24,72.69,68.26,65.55","47.35,67.11,75.37,75.66,73.14,73.83,69.25,64.49","78.99,86.81,91.52,85.84,83.80,84.88,81.01,75.13","53.19,73.11,81.20,82.68,83.72,86.03,81.99,74.26",50,400,6.22,220,1012,7417,1572,1599,1.16,3,400,,50,5.0,,,2620,40,"73,4","76,6",62,55,155,,3~ 400V 50Hz ,600,600,484,37,Нет,ZAbluefin,0.0,1,EC,5.0
34,GR45IZID.GG.CR,116903/A01,Portfolio STDWW G1,450,9000,900,40,940,4,1354,3385,69.5,66.5,,,,,,,,2322,87,80,92,89,"63,125,250,500,1000,2000,4000,8000","81.13,78.14,81.15,78.60,72.12,70.67,68.68,71.20","55.36,63.08,72.20,74.74,71.93,71.81,69.61,70.01","81.92,83.41,86.67,84.89,82.50,83.14,79.67,77.08","56.48,68.98,77.17,81.75,82.41,84.28,80.65,76.01",50,400,5.18,220,1674,10157,1146,1198,1.16,3,400,,50,5.0,,,2620,40,"73,4","76,6",62,55,155,,3~ 400V 50Hz ,600,600,484,37,Нет,ZAbluefin,0.0,1,EC,5.0
35,GR35IZID.DG.CR,116893/A01,Portfolio STDWW G1,355,7000,600,62,662,3,1125,2187,58.9,53.3,,,,,,,,3128,89,83,93,90,"63,125,250,500,1000,2000,4000,8000","82.10,78.61,83.58,82.48,76.25,71.64,69.19,69.54","54.46,62.96,75.28,79.16,75.89,72.80,70.16,68.06","85.01,80.74,87.73,86.18,85.56,81.52,77.18,75.43","56.82,65.48,79.22,83.14,85.43,82.66,78.17,74.01",50,400,3.38,140,2500,7612,709,783,1.16,3,400,,50,3.3,,,3410,50,"74,0","79,0",62,55,155,,3~ 400V 50Hz ,500,500,422,25,Нет,ZAbluefin,0.0,1,EC,3.3
36,GR50IZID.GQ.CR,117345/A01,Portfolio STDWW G1,500,12000,900,48,948,4,1348,4493,70.3,66.8,,,,,,,,2156,90,83,95,90,"63,125,250,500,1000,2000,4000,8000","85.73,81.58,83.37,82.14,76.49,72.37,70.69,75.89","59.68,66.32,74.76,78.01,76.33,73.51,71.62,74.73","85.76,87.84,90.60,88.09,84.39,81.43,78.62,79.68","60.24,73.56,80.73,84.79,84.12,82.59,79.56,78.59",50,400,6.86,280,1837,12130,920,968,1.16,3,400,,50,4.8,,,2180,45,"75,5","78,9",62,55,155,,3~ 400V 50Hz ,670,670,571,61,Нет,ZAbluefin,0.0,1,EC,4.8
37,GR31CZID.DG.CR,115474/A01,Portfolio STDWW G1,315,2000,2100,20,2120,7,4541,2523,46.7,46.2,,,,,,,,3951,99,92,103,98,"63,125,250,500,1000,2000,4000,8000","93.28,90.89,93.12,91.45,82.55,81.48,80.44,76.48","68.86,74.02,86.02,87.75,82.30,82.68,81.43,75.54","94.70,95.00,95.79,96.57,91.74,90.94,87.11,82.07","68.73,79.84,87.85,92.42,91.87,92.10,88.08,81.22",50,400,3.89,95,443,2122,2364,2386,1.16,3,400,,50,3.9,,,4200,40,"65,6","69,9",62,54,155,,3~ 400V 50Hz ,450,450,340,22,Нет,Cpro,0.0,1,EC,3.9
38,GR31IZID.DC.CR,116890/A01,Portfolio STDWW G1,315,2000,1200,8,1208,5,2234,1241,54.1,53.7,,,,,,,,3125,89,81,94,88,"63,125,250,500,1000,2000,4000,8000","79.42,80.78,85.87,80.87,72.18,69.33,65.81,60.54","53.19,65.54,76.54,77.31,72.05,70.50,66.84,59.57","80.32,83.85,92.12,84.27,82.21,79.92,74.41,69.69","53.92,69.29,82.90,80.80,82.18,81.07,75.42,68.72",50,400,1.98,106,356,2579,1996,2010,1.16,3,400,,50,3.0,,,4020,45,"73,7","79,2",62,55,155,,3~ 400V 50Hz ,450,450,383,21,Нет,ZAbluefin,0.0,1,EC,3.0
39,GR35IZID.DC.CR,116892/A01,Portfolio STDWW G1,355,7000,300,62,362,3,762,1481,47.5,39.4,,,,,,,,2853,88,83,92,89,"63,125,250,500,1000,2000,4000,8000","79.05,78.53,81.79,82.57,75.73,71.51,68.94,70.08","53.11,62.52,73.53,79.09,75.45,72.66,69.91,68.41","79.65,80.88,86.44,85.70,85.48,80.83,76.56,76.03","53.27,65.89,77.72,82.55,85.34,81.96,77.55,74.44",50,400,2.32,140,2500,7561,350,423,1.16,3,400,,50,2.5,,,3100,50,"74,1","80,4",62,55,155,,3~ 400V 50Hz ,500,500,384,21,Нет,ZAbluefin,0.0,1,EC,2.5
40,GR31CZID.DG.CR,115474/A01,Portfolio STDWW G1,315,3000,2100,45,2145,6,3703,3086,57.9,56.7,,,,,,,,4010,93,89,99,95,"63,125,250,500,1000,2000,4000,8000","88.16,79.34,84.64,89.25,78.87,79.54,79.14,75.73","60.93,62.92,77.71,85.06,78.66,80.74,80.12,74.74","95.14,84.47,87.32,92.20,88.20,88.92,86.11,81.50","66.42,68.98,79.89,88.10,88.32,90.10,87.08,80.61",50,400,4.72,95,997,3145,2308,2357,1.16,3,400,,50,3.9,,,4200,40,"65,6","69,9",62,54,155,,3~ 400V 50Hz ,450,450,340,22,Нет,Cpro,0.0,1,EC,3.9
41,GR50IZID.GQ.CR,116906/A01,Portfolio STDWW G1,500,15000,300,74,374,3,831,3462,45.1,36.1,,,,,,,,2151,94,89,99,95,"63,125,250,500,1000,2000,4000,8000","84.80,85.64,88.79,85.60,79.34,76.60,74.79,86.82","59.76,70.46,80.65,81.73,79.20,77.75,75.67,85.01","89.57,90.47,92.43,92.49,89.01,84.60,81.41,88.99","63.19,76.01,83.64,89.44,88.69,85.75,82.34,87.22",60,400,5.31,280,2870,15204,308,385,1.16,3,400,,60,4.8,,,2180,45,"75,5","78,9",62,55,155,,3~ 400V 60Hz ,670,670,571,61,Нет,ZAbluefin,0.0,1,EC,4.8
42,GR31IZID.DC.CR,116890/A01,Portfolio STDWW G1,315,5000,600,51,651,3,1065,1479,61.2,56.4,,,,,,,,3253,85,80,89,87,"63,125,250,500,1000,2000,4000,8000","76.56,74.23,81.07,78.64,72.14,68.48,66.72,69.25","50.22,58.09,72.80,75.48,71.96,69.66,67.70,67.32","79.12,76.29,83.58,81.61,82.08,80.21,75.80,75.66","51.38,60.92,75.23,78.62,82.03,81.36,76.79,73.97",50,400,2.33,106,2225,6165,912,990,1.16,3,400,,50,3.0,,,4020,45,"73,7","79,2",62,55,155,,3~ 400V 50Hz ,450,450,383,21,Нет,ZAbluefin,0.0,1,EC,3.0
43,GR40CZID.GG.CR,179087/A01,Portfolio STDWW G1,400,5000,1800,49,1849,6,3137,4357,58.9,57.4,,,,,,,,3018,90,86,96,95,"63,125,250,500,1000,2000,4000,8000","83.27,76.40,84.29,83.98,78.56,77.73,75.17,73.60","55.93,60.44,77.10,80.12,78.42,78.91,76.14,72.60","80.81,79.93,88.18,87.80,87.60,91.12,87.31,81.07","54.53,64.75,80.73,84.18,87.57,92.33,88.32,80.30",50,400,6.63,154,1054,5264,1995,2049,1.16,3,400,,50,5.6,,,3170,40,"61,8","64,4",62,54,155,,3~ 400V 50Hz ,550,550,381,39,Нет,Cpro,0.0,1,EC,5.6
44,GR28I6ID.BD.CR,116885/A01,Portfolio STDWW G1,280,2250,700,17,717,3,1045,653,68.6,67.0,,,,,,,,2924,74,69,80,77,"63,125,250,500,1000,2000,4000,8000","65.73,62.47,69.92,66.52,64.71,59.87,57.16,56.45","38.68,46.71,60.90,63.50,64.54,61.01,58.12,55.26","70.12,65.16,74.72,71.21,74.55,69.08,64.31,62.05","42.29,49.97,65.76,68.50,74.45,70.22,65.28,60.94",50,230,2.89,85,701,2396,794,813,1.16,1,230,,50,0.78,,,3110,50,"75,4","87,0",62,54,155,,1~ 230V 50Hz ,410,410,319,12,Нет,ZAbluefin,0.0,1,EC,0.78
45,GR40IZID.GG.CR,116897/A01,Portfolio STDWW G1,400,9000,600,66,666,3,1171,2927,56.8,51.2,,,,,,,,2794,91,87,97,95,"63,125,250,500,1000,2000,4000,8000","80.40,81.68,85.85,84.07,76.80,76.03,71.88,84.41","55.18,66.08,77.34,80.24,76.56,77.19,72.85,82.11","82.82,84.09,90.24,88.86,88.26,88.78,85.24,87.78","56.92,69.05,81.26,85.81,88.19,89.95,86.20,85.78",50,400,4.48,180,2500,9214,629,698,1.16,3,400,,50,3.7,,,2860,55,"72,7","77,3",62,55,155,,3~ 400V 50Hz ,550,550,458,34,Нет,ZAbluefin,0.0,1,EC,3.7
46,GR50IZID.GL.CR,117344/A01,Portfolio STDWW G1,500,14000,300,65,365,3,766,2980,47.6,39.2,,,,,,,,2037,92,86,97,92,"63,125,250,500,1000,2000,4000,8000","83.87,85.47,87.04,83.46,76.95,74.37,71.74,80.96","58.87,70.51,79.09,79.63,76.81,75.51,72.67,79.07","86.71,89.59,89.91,90.40,87.01,82.75,79.07,84.17","60.76,75.16,81.51,87.32,86.73,83.89,80.03,82.39",60,400,4.57,280,2500,14765,334,406,1.16,3,400,,60,4.6,,,2150,40,"75,1","78,6",62,55,155,,3~ 400V 60Hz ,670,670,536,54,Нет,ZAbluefin,0.0,1,EC,4.6
47,GR25I6ID.BD.CR,116882/A01,Portfolio STDWW G1,250,1000,700,5,705,4,1357,377,52.0,51.6,,,,,,,,3008,80,72,86,80,"63,125,250,500,1000,2000,4000,8000","71.82,71.92,77.35,69.98,65.71,60.59,56.92,52.48","45.33,56.80,67.65,66.69,65.42,61.73,57.92,51.48","75.27,74.43,84.93,74.20,74.54,69.80,64.34,59.26","47.53,60.00,75.32,70.90,74.46,70.92,65.34,58.32",50,230,1.65,67,223,1057,782,788,1.16,1,230,,50,0.5,,,3170,55,"73,6","87,3",62,54,155,,1~ 230V 50Hz ,375,375,302,11,Нет,ZAbluefin,0.0,1,EC,0.5
48,GR40IZID.DG.CR,116896/A01,Portfolio STDWW G1,400,6000,900,29,929,4,1306,2177,71.1,68.9,,,,,,,,2404,80,76,89,85,"63,125,250,500,1000,2000,4000,8000","68.46,68.46,74.49,75.62,69.31,66.37,64.06,64.13","42.43,54.07,64.86,71.52,69.01,67.52,65.04,62.87","72.84,74.81,86.11,82.05,79.96,75.88,71.02,69.38","47.18,60.55,75.74,79.00,79.73,77.01,72.01,68.18",50,400,3.37,180,1111,6249,976,1008,1.16,3,400,,50,2.5,,,2500,60,"75,0","81,5",62,55,155,,3~ 400V 50Hz ,550,550,433,29,Нет,ZAbluefin,0.0,1,EC,2.5
49,ER71I4DN.I7.1R,115958/0Z01,Portfolio STDWW G1,710,18650,1300,50,1350,4,1859,9628,72.7,69.9,9339.0,74.9,72.1,8581.0,8609.0,81.5,78.5,1550,86,82,91,88,"63,125,250,500,1000,2000,4000,8000","75.77,82.40,78.29,75.78,77.01,75.33,71.89,69.19","47.12,66.38,69.53,72.73,76.89,76.49,72.87,68.05","78.72,85.69,82.75,85.07,82.16,80.94,76.35,72.24","51.71,69.65,74.55,81.86,82.05,82.10,77.38,71.29",53,400,17.21,530,1238,17655,1165,1210,1.16,3,400,D,50,,11.0,21.35,1465,40,"72,9","72,9",62,55,155,57.0,3~ 400V 50Hz D,1023,960,1045,226,Нет,ZAbluefin,0.0,1,AC,11.0
50,GR31IZID.DC.CR,116890/A01,Portfolio STDWW G1,315,2000,1800,8,1808,6,3746,2081,48.3,48.0,,,,,,,,3817,97,90,101,96,"63,125,250,500,1000,2000,4000,8000","89.33,89.00,93.13,89.80,80.72,76.16,72.87,67.43","63.02,73.29,84.81,86.34,80.47,77.32,73.88,66.50","90.48,90.89,97.79,92.97,90.10,86.74,81.83,76.26","63.96,75.91,89.71,89.69,90.04,87.88,82.85,75.33",50,400,3.22,106,356,2108,1999,2008,1.16,3,400,,50,3.0,,,4020,45,"73,7","79,2",62,55,155,,3~ 400V 50Hz ,450,450,383,21,Нет,ZAbluefin,0.0,1,EC,3.0
51,GR31IZID.DC.CR,116889/A01,Portfolio STDWW G1,315,2000,1500,8,1508,5,2936,1631,51.4,51.1,,,,,,,,3483,93,86,98,92,"63,125,250,500,1000,2000,4000,8000","81.17,83.79,89.95,85.85,75.61,71.70,68.52,63.81","55.93,68.42,81.30,82.30,75.39,72.87,69.53,62.82","82.75,86.64,95.74,89.00,85.62,82.67,78.70,75.17","57.03,71.97,87.01,85.52,85.57,83.82,79.71,74.09",50,400,2.56,106,356,2122,1689,1698,1.16,3,400,,50,2.4,,,3700,55,"74,3","80,8",62,55,155,,3~ 400V 50Hz ,450,450,363,18,Нет,ZAbluefin,0.0,1,EC,2.4
52,GR40IZID.GG.CR,116897/A01,Portfolio STDWW G1,400,9000,600,66,666,3,1171,2927,56.8,51.2,,,,,,,,2794,91,87,97,95,"63,125,250,500,1000,2000,4000,8000","80.40,81.68,85.85,84.07,76.80,76.03,71.88,84.41","55.18,66.08,77.34,80.24,76.56,77.19,72.85,82.11","82.82,84.09,90.24,88.86,88.26,88.78,85.24,87.78","56.92,69.05,81.26,85.81,88.19,89.95,86.20,85.78",50,400,4.48,180,2500,9214,629,698,1.16,3,400,,50,3.7,,,2860,55,"72,7","77,3",62,55,155,,3~ 400V 50Hz ,550,550,458,34,Нет,ZAbluefin,0.0,1,EC,3.7
53,GR45IZID.GG.CR,117341/A01,Portfolio STDWW G1,450,11000,300,61,361,3,756,2310,47.7,39.7,,,,,,,,2221,91,85,95,92,"63,125,250,500,1000,2000,4000,8000","82.18,82.56,85.72,83.40,75.59,73.64,73.79,81.11","57.17,67.12,77.50,79.38,75.38,74.78,74.58,79.59","83.13,86.38,88.83,88.54,86.56,84.38,81.26,85.78","57.53,71.83,79.96,85.43,86.32,85.50,82.19,84.22",50,400,3.56,220,2500,11388,322,386,1.16,3,400,,50,3.4,,,2300,55,"75,0","80,0",62,55,155,,3~ 400V 50Hz ,600,600,484,37,Нет,ZAbluefin,0.0,1,EC,3.4
54,GR45IZID.DG.CR,116901/A01,Portfolio STDWW G1,450,6000,600,18,618,3,871,1452,71.0,68.9,,,,,,,,1729,77,70,83,77,"63,125,250,500,1000,2000,4000,8000","66.03,73.09,71.33,68.36,63.04,60.82,58.17,55.16","39.69,58.04,63.72,64.70,62.83,61.97,59.08,54.52","69.74,80.94,73.75,75.30,72.36,68.02,63.79,60.59","43.73,66.31,65.65,72.27,72.12,69.15,64.74,59.88",50,400,2.28,220,744,7129,847,873,1.16,3,400,,50,2.4,,,2050,40,"75,1","81,5",62,55,155,,3~ 400V 50Hz ,600,600,440,31,Нет,ZAbluefin,0.0,1,EC,2.4
55,GR45IZID.GG.CR,117342/A01,Portfolio STDWW G1,450,8000,1200,32,1232,4,1731,3847,71.2,69.3,,,,,,,,2410,85,79,92,89,"63,125,250,500,1000,2000,4000,8000","74.36,74.73,81.16,77.84,72.00,70.93,67.27,67.02","47.36,60.60,71.53,74.03,71.87,72.08,68.24,65.89","78.08,81.53,88.01,84.45,82.60,83.90,80.24,75.35","52.21,67.52,77.96,81.35,82.53,85.05,81.22,74.42",50,400,5.88,220,1322,8704,1421,1459,1.16,3,400,,50,5.0,,,2620,40,"73,4","76,6",62,55,155,,3~ 400V 50Hz ,600,600,482,37,Нет,ZAbluefin,0.0,1,EC,5.0
56,GR35IZID.DG.CR,117333/A01,Portfolio STDWW G1,355,6000,1200,46,1246,4,1770,2951,70.4,67.8,,,,,,,,3285,87,80,91,88,"63,125,250,500,1000,2000,4000,8000","82.84,74.06,82.12,77.09,74.32,69.83,67.14,65.99","54.19,57.39,73.96,73.94,73.96,71.00,68.11,64.67","84.33,77.14,86.05,82.52,83.13,80.54,76.38,73.09","55.85,61.26,77.79,79.66,83.00,81.69,77.38,71.90",50,400,4.52,140,1837,6222,1291,1340,1.16,3,400,,50,3.3,,,3410,50,"74,0","79,0",62,55,155,,3~ 400V 50Hz ,500,500,412,25,Нет,ZAbluefin,0.0,1,EC,3.3
57,GR35IZID.DG.CR,117333/A01,Portfolio STDWW G1,355,5000,1500,32,1532,5,2200,3056,69.6,68.2,,,,,,,,3329,87,80,93,88,"63,125,250,500,1000,2000,4000,8000","79.28,69.82,84.86,76.48,73.44,70.15,66.88,64.62","51.17,52.75,76.41,73.36,73.13,71.30,67.88,63.37","80.14,74.71,91.12,82.25,82.63,80.52,76.31,72.16","52.82,58.85,82.61,79.39,82.54,81.67,77.33,71.08",50,400,4.68,140,1276,5120,1573,1606,1.16,3,400,,50,3.3,,,3410,50,"74,0","79,0",62,55,155,,3~ 400V 50Hz ,500,500,412,25,Нет,ZAbluefin,0.0,1,EC,3.3
58,GR25I6ID.BD.CR,116882/A01,Portfolio STDWW G1,250,1200,700,8,708,3,1230,410,57.5,56.9,,,,,,,,3037,78,71,86,79,"63,125,250,500,1000,2000,4000,8000","70.64,65.06,76.02,67.43,64.52,59.83,56.39,52.47","42.55,50.04,66.23,64.24,64.27,60.97,57.38,51.42","75.79,68.25,84.19,71.76,73.93,69.02,64.07,59.30","46.91,53.77,74.76,68.64,73.84,70.15,65.06,58.33",50,230,1.8,67,321,1255,766,774,1.16,1,230,,50,0.5,,,3170,55,"73,6","87,3",62,54,155,,1~ 230V 50Hz ,375,375,302,11,Нет,ZAbluefin,0.0,1,EC,0.5
59,GR45IZID.GG.CR,117342/A01,Portfolio STDWW G1,450,6000,1500,18,1518,5,2403,4005,63.2,62.4,,,,,,,,2487,91,83,98,92,"63,125,250,500,1000,2000,4000,8000","75.97,85.99,87.56,80.07,74.78,75.00,71.16,66.56","49.44,72.35,77.84,76.24,74.71,76.15,72.16,65.58","80.68,91.13,94.75,87.05,85.02,85.66,81.56,75.18","55.13,77.50,84.36,83.84,84.92,86.81,82.56,74.32",50,400,6.11,220,744,6332,1670,1690,1.16,3,400,,50,5.0,,,2620,40,"73,4","76,6",62,55,155,,3~ 400V 50Hz ,600,600,482,37,Нет,ZAbluefin,0.0,1,EC,5.0
60,GR45IZID.GG.CR,116903/A01,Portfolio STDWW G1,450,12000,300,72,372,3,847,2823,43.9,35.4,,,,,,,,2399,92,88,97,94,"63,125,250,500,1000,2000,4000,8000","83.35,83.86,86.90,85.36,78.07,75.87,75.07,84.15","58.46,68.42,78.78,81.56,77.90,77.02,75.89,82.45","85.05,87.73,90.52,90.97,88.77,86.20,83.10,87.59","59.34,73.06,81.80,87.90,88.56,87.34,84.04,85.87",50,400,4.33,220,2975,13088,357,442,1.16,3,400,,50,5.0,,,2620,40,"73,4","76,6",62,55,155,,3~ 400V 50Hz ,600,600,484,37,Нет,ZAbluefin,0.0,1,EC,5.0
61,GR25I6ID.BD.CR,116882/A01,Portfolio STDWW G1,250,1000,600,5,605,3,1139,316,53.1,52.7,,,,,,,,2792,77,69,84,77,"63,125,250,500,1000,2000,4000,8000","67.38,70.52,74.16,66.10,62.81,57.95,54.39,50.03","41.18,56.26,64.21,62.81,62.55,59.09,55.38,49.04","69.77,73.88,82.24,70.80,72.08,67.04,61.84,56.88","42.55,60.01,72.04,67.59,71.97,68.16,62.84,55.96",50,230,1.39,67,223,1138,776,783,1.16,1,230,,50,0.5,,,3170,55,"73,6","87,3",62,54,155,,1~ 230V 50Hz ,375,375,302,11,Нет,ZAbluefin,0.0,1,EC,0.5
62,GR31IZID.DC.CR,116890/A01,Portfolio STDWW G1,315,3000,1900,19,1919,6,3184,2653,60.3,59.7,,,,,,,,3947,98,87,102,94,"63,125,250,500,1000,2000,4000,8000","95.80,82.13,92.16,82.71,76.43,74.47,72.98,68.12","66.54,66.32,84.49,79.54,76.35,75.66,73.99,67.11","98.32,83.62,98.15,87.73,86.43,85.50,82.01,76.76","69.09,68.00,90.99,84.74,86.39,86.68,83.02,75.78",50,400,4.07,106,801,3053,1967,1986,1.16,3,400,,50,3.0,,,4020,45,"73,7","79,2",62,55,155,,3~ 400V 50Hz ,450,450,383,21,Нет,ZAbluefin,0.0,1,EC,3.0
63,GR56IZID.GL.CR,117347/A01,Portfolio STDWW G1,560,14000,600,39,639,3,947,3684,67.5,63.3,,,,,,,,1694,87,78,91,86,"63,125,250,500,1000,2000,4000,8000","81.31,83.26,79.44,74.21,70.59,67.87,64.34,70.58","55.92,68.06,71.23,71.03,70.55,69.01,65.32,69.14","82.77,87.09,83.53,84.54,79.88,76.79,72.80,73.66","57.60,72.37,75.34,81.47,79.73,77.93,73.79,72.32",60,460,4.89,355,1555,14727,664,708,1.16,3,460,,60,4.6,,,1780,40,"75,7","79,3",62,55,155,,3~ 460V 60Hz ,730,730,575,59,Нет,ZAbluefin,0.0,1,EC,4.6
64,GR45IZID.GG.CR,116903/A01,Portfolio STDWW G1,450,11000,600,60,660,3,1096,3349,60.3,54.7,,,,,,,,2421,91,85,96,92,"63,125,250,500,1000,2000,4000,8000","83.10,83.63,85.11,82.75,75.77,73.85,73.00,79.65","57.75,68.23,76.59,78.99,75.58,74.99,73.84,77.98","83.58,86.49,89.97,89.10,86.40,85.22,81.88,83.42","58.24,71.85,80.86,86.03,86.22,86.36,82.84,81.87",50,400,5.13,220,2500,11910,703,774,1.16,3,400,,50,5.0,,,2620,40,"73,4","76,6",62,55,155,,3~ 400V 50Hz ,600,600,484,37,Нет,ZAbluefin,0.0,1,EC,5.0
65,GR31IZID.DC.CR,117330/A01,Portfolio STDWW G1,315,4000,1600,33,1633,5,2377,2641,68.7,67.3,,,,,,,,3846,93,80,97,90,"63,125,250,500,1000,2000,4000,8000","92.43,76.19,83.43,75.66,73.18,70.58,68.72,65.26","63.11,60.23,76.15,72.67,73.15,71.77,69.74,64.03","95.68,78.52,89.60,83.57,83.75,83.74,80.39,75.75","66.39,62.69,82.56,80.85,83.70,84.92,81.40,74.73",50,400,4.05,106,1424,4177,1745,1781,1.16,3,400,,50,3.0,,,4020,45,"73,7","79,2",62,55,155,,3~ 400V 50Hz ,450,450,373,21,Нет,ZAbluefin,0.0,1,EC,3.0
66,GR45IZID.GG.CR,116902/A01,Portfolio STDWW G1,450,8000,600,32,632,3,931,2069,67.9,64.4,,,,,,,,1978,85,77,89,85,"63,125,250,500,1000,2000,4000,8000","80.04,79.00,78.29,73.51,68.09,66.91,65.24,66.75","53.71,64.48,70.77,69.82,67.89,68.05,66.18,66.02","80.09,82.60,81.15,80.85,79.40,78.69,75.50,73.00","54.19,68.36,72.97,77.73,79.36,79.82,76.48,72.25",50,400,3.23,220,1322,9311,813,856,1.16,3,400,,50,3.4,,,2300,55,"75,0","80,0",62,55,155,,3~ 400V 50Hz ,600,600,484,37,Нет,ZAbluefin,0.0,1,EC,3.4
67,GR35IZID.DC.CR,116892/A01,Portfolio STDWW G1,355,4000,300,20,320,2,505,562,63.4,59.4,,,,,,,,1914,76,68,80,75,"63,125,250,500,1000,2000,4000,8000","72.27,71.78,67.45,66.15,60.97,57.30,56.25,56.58","46.05,56.46,59.96,62.87,60.79,58.46,57.19,55.69","71.49,75.45,70.94,70.54,70.85,66.96,63.54,62.66","45.16,61.20,62.95,67.57,70.68,68.10,64.50,61.76",50,400,1.02,140,816,6500,792,846,1.16,3,400,,50,2.5,,,3100,50,"74,1","80,4",62,55,155,,3~ 400V 50Hz ,500,500,384,21,Нет,ZAbluefin,0.0,1,EC,2.5
68,GR35IZID.DC.CR,116892/A01,Portfolio STDWW G1,355,5000,900,32,932,4,1323,1838,70.4,68.0,,,,,,,,2795,81,75,86,83,"63,125,250,500,1000,2000,4000,8000","75.85,71.30,74.88,73.65,69.59,66.01,63.93,62.53","49.42,54.31,66.12,70.14,69.49,67.16,64.89,61.06","76.15,74.20,81.99,77.94,78.38,76.39,73.00,70.41","49.91,58.34,72.95,74.92,78.28,77.54,73.99,69.13",50,400,2.85,140,1276,5549,1109,1148,1.16,3,400,,50,2.5,,,3100,50,"74,1","80,4",62,55,155,,3~ 400V 50Hz ,500,500,384,21,Нет,ZAbluefin,0.0,1,EC,2.5
69,GR40CZID.GG.CR,179087/A01,Portfolio STDWW G1,400,4000,2100,31,2131,6,4057,4508,52.5,51.8,,,,,,,,3159,96,89,101,99,"63,125,250,500,1000,2000,4000,8000","91.91,85.61,90.67,87.55,80.56,80.20,77.95,75.24","66.20,69.65,83.23,83.83,80.40,81.39,78.93,74.29","90.56,90.19,94.42,91.97,91.30,93.73,90.43,83.65","64.69,74.87,86.85,88.43,91.25,94.95,91.45,82.88",50,400,6.86,154,675,4019,2119,2151,1.16,3,400,,50,5.6,,,3170,40,"61,8","64,4",62,54,155,,3~ 400V 50Hz ,550,550,381,39,Нет,Cpro,0.0,1,EC,5.6
70,GR31IZID.DC.CR,116889/A01,Portfolio STDWW G1,315,1000,1600,2,1602,7,5328,1480,30.1,30.0,,,,,,,,3579,97,90,100,96,"63,125,250,500,1000,2000,4000,8000","88.61,90.55,90.76,90.88,81.91,76.76,72.50,66.55","64.08,74.39,82.42,87.46,81.65,77.91,73.51,65.65","88.85,92.85,95.33,93.68,91.77,86.97,81.89,77.31","63.72,77.66,86.79,90.35,91.72,88.10,82.90,76.31",50,400,2.34,106,89,1030,1699,1701,1.16,3,400,,50,2.4,,,3700,55,"74,3","80,8",62,55,155,,3~ 400V 50Hz ,450,450,363,18,Нет,ZAbluefin,0.0,1,EC,2.4
71,GR25I6ID.BD.CR,116882/A01,Portfolio STDWW G1,250,1000,400,5,405,2,716,199,56.6,55.9,,,,,,,,2324,70,63,76,70,"63,125,250,500,1000,2000,4000,8000","57.31,67.57,63.09,59.14,57.50,52.84,48.83,44.76","31.14,53.92,53.23,56.26,57.22,53.98,49.82,43.88","58.55,72.62,70.54,64.38,67.28,61.81,56.33,51.49","32.50,59.09,60.24,61.61,67.11,62.94,57.33,50.62",50,230,0.89,67,223,1368,749,759,1.16,1,230,,50,0.5,,,3170,55,"73,6","87,3",62,54,155,,1~ 230V 50Hz ,375,375,302,11,Нет,ZAbluefin,0.0,1,EC,0.5
72,GR25I6ID.BD.CR,116883/A01,Portfolio STDWW G1,250,2000,900,21,921,4,1374,763,67.0,65.5,,,,,,,,3702,76,73,82,80,"63,125,250,500,1000,2000,4000,8000","63.65,56.41,72.84,68.47,68.02,62.59,60.30,60.34","37.33,40.25,65.34,66.14,67.84,63.72,61.27,58.95","69.44,62.33,76.64,73.24,75.85,72.88,69.11,66.74","43.20,46.71,69.24,70.18,76.01,74.02,70.08,65.51",50,230,3.37,67,891,2016,915,936,1.16,1,230,,50,0.78,,,3730,55,"74,1","85,7",62,54,155,,1~ 230V 50Hz ,375,375,302,11,Нет,ZAbluefin,0.0,1,EC,0.78
73,ER50C4DN.H7.CR*,130580/2Z41,Portfolio STDWW G1,500,13000,1300,130,1430,5,2006,7244,71.3,64.8,7027.0,73.5,66.8,6400.0,6601.0,80.7,73.4,2395,92,88,97,95,"63,125,250,500,1000,2000,4000,8000","74.84,72.52,89.96,79.96,78.96,78.62,75.91,81.75","48.88,57.11,82.66,77.06,78.98,79.75,76.85,79.76","81.98,79.96,92.78,90.35,90.70,85.26,81.94,84.15","56.52,64.23,85.37,87.82,90.49,86.38,82.90,82.47",82,400,,252,2661,7878,477,525,1.16,3,400,D,50,,7.5,14.9,1460,40,"69,3","70,4",62,55,155,84.0,3~ 400V 50Hz D,650,630,798,111,Нет,Cpro,0.0,1,AC,7.5
74,GR50IZID.GL.CR,117344/A01,Portfolio STDWW G1,500,15000,50,74,124,2,602,2508,20.6,8.3,,,,,,,,2037,94,89,99,94,"63,125,250,500,1000,2000,4000,8000","84.23,86.76,89.37,85.60,79.08,76.39,73.83,85.66","58.94,72.10,81.43,81.77,78.94,77.53,74.75,83.66","90.35,91.66,92.38,92.35,88.77,84.27,80.65,88.17","63.88,77.24,83.97,89.23,88.50,85.41,81.60,86.29",60,400,3.86,280,2870,15843,56,139,1.16,3,400,,60,4.6,,,2150,40,"75,1","78,6",62,55,155,,3~ 400V 60Hz ,670,670,536,54,Нет,ZAbluefin,0.0,1,EC,4.6
75,GR25I6ID.BD.CR,116882/A01,Portfolio STDWW G1,250,2000,300,21,321,2,544,302,59.0,55.1,,,,,,,,2706,71,66,76,74,"63,125,250,500,1000,2000,4000,8000","63.94,60.99,63.92,63.91,61.07,55.76,56.04,57.73","37.54,45.54,54.91,60.78,60.75,56.92,56.97,56.20","64.96,63.00,68.57,67.87,71.05,66.21,63.00,62.65","37.97,48.10,59.59,64.98,70.92,67.34,63.95,61.30",50,230,1.34,67,891,2345,412,441,1.16,1,230,,50,0.5,,,3170,55,"73,6","87,3",62,54,155,,1~ 230V 50Hz ,375,375,302,11,Нет,ZAbluefin,0.0,1,EC,0.5
76,GR40IZID.GG.CR,116897/A01,Portfolio STDWW G1,400,7000,1200,40,1240,4,1781,3463,69.6,67.4,,,,,,,,2803,85,81,94,93,"63,125,250,500,1000,2000,4000,8000","74.99,71.73,81.05,78.37,73.31,74.02,69.19,71.96","49.05,55.57,72.31,74.95,73.15,75.20,70.18,70.33","78.70,77.36,89.24,85.13,84.95,88.08,84.04,80.14","52.97,61.99,80.43,82.19,84.98,89.26,84.99,78.95",50,400,5.29,180,1512,7145,1250,1292,1.16,3,400,,50,3.7,,,2860,55,"72,7","77,3",62,55,155,,3~ 400V 50Hz ,550,550,458,34,Нет,ZAbluefin,0.0,1,EC,3.7
77,GR45IZID.GG.CR,117341/A01,Portfolio STDWW G1,450,8000,900,32,932,4,1312,2915,71.1,68.6,,,,,,,,2194,83,78,91,88,"63,125,250,500,1000,2000,4000,8000","73.73,73.47,78.68,76.89,70.15,69.15,65.74,66.53","47.63,59.23,69.59,72.59,69.90,70.29,66.71,65.50","77.00,80.90,86.95,82.71,81.16,82.21,78.27,73.87","51.44,67.02,76.61,79.27,81.11,83.33,79.27,72.91",50,400,4.5,220,1322,8423,998,1033,1.16,3,400,,50,3.4,,,2300,55,"75,0","80,0",62,55,155,,3~ 400V 50Hz ,600,600,482,37,Нет,ZAbluefin,0.0,1,EC,3.4
78,GR31IZID.DC.CR,116889/A01,Portfolio STDWW G1,315,4000,1200,33,1233,4,1745,1939,70.7,68.8,,,,,,,,3468,81,76,88,86,"63,125,250,500,1000,2000,4000,8000","73.91,67.02,77.74,73.76,68.62,66.75,64.49,61.44","46.97,50.90,70.06,71.12,68.56,67.94,65.49,60.17","77.95,71.37,82.27,78.78,80.24,80.01,77.39,74.72","51.02,55.83,74.63,75.99,80.16,81.18,78.39,73.57",50,400,3.01,106,1424,4266,1365,1403,1.16,3,400,,50,2.4,,,3700,55,"74,3","80,8",62,55,155,,3~ 400V 50Hz ,450,450,363,18,Нет,ZAbluefin,0.0,1,EC,2.4
79,GR31IZID.DC.CR,116890/A01,Portfolio STDWW G1,315,5000,300,51,351,2,738,1025,47.6,40.7,,,,,,,,2994,85,80,89,87,"63,125,250,500,1000,2000,4000,8000","75.36,75.19,79.01,79.25,72.94,68.61,66.54,72.34","49.76,59.15,70.65,75.95,72.69,69.77,67.51,70.25","76.52,77.32,82.58,82.19,82.27,79.52,74.53,77.91","49.97,62.27,73.98,79.10,82.23,80.66,75.51,75.95",50,400,1.67,106,2225,6699,539,631,1.16,3,400,,50,3.0,,,4020,45,"73,7","79,2",62,55,155,,3~ 400V 50Hz ,450,450,383,21,Нет,ZAbluefin,0.0,1,EC,3.0
80,GR31IZID.DC.CR,116890/A01,Portfolio STDWW G1,315,3000,600,19,619,3,908,757,68.1,66.1,,,,,,,,2505,73,68,80,78,"63,125,250,500,1000,2000,4000,8000","64.02,63.14,67.11,66.98,62.13,59.50,57.48,55.88","37.89,48.27,57.18,63.60,62.02,60.67,58.43,55.09","65.78,67.35,74.71,72.57,73.41,71.98,66.96,64.07","39.93,52.97,64.56,69.58,73.33,73.12,67.94,63.20",50,400,1.29,106,801,4805,1539,1587,1.16,3,400,,50,3.0,,,4020,45,"73,7","79,2",62,55,155,,3~ 400V 50Hz ,450,450,383,21,Нет,ZAbluefin,0.0,1,EC,3.0
81,GR35IZID.DG.CR,116893/A01,Portfolio STDWW G1,355,7000,900,62,962,4,1469,2856,65.5,61.3,,,,,,,,3344,89,83,94,90,"63,125,250,500,1000,2000,4000,8000","84.70,78.06,83.81,81.28,76.99,71.89,69.28,68.80","56.98,62.19,75.79,78.09,76.57,73.06,70.25,67.49","85.70,80.64,87.74,86.06,85.51,82.31,78.22,75.29","58.07,65.17,79.61,83.13,85.38,83.46,79.22,74.05",50,400,4.38,140,2500,7134,935,1000,1.16,3,400,,50,3.3,,,3410,50,"74,0","79,0",62,55,155,,3~ 400V 50Hz ,500,500,422,25,Нет,ZAbluefin,0.0,1,EC,3.3
82,GR45IZID.GG.CR,117342/A01,Portfolio STDWW G1,450,14000,50,98,148,3,812,3157,18.2,6.2,,,,,,,,2619,98,94,102,99,"63,125,250,500,1000,2000,4000,8000","85.10,85.06,90.99,90.44,82.40,80.37,77.62,93.89","59.76,69.24,82.84,86.46,82.24,81.51,78.53,91.64","90.39,89.93,95.39,95.56,93.43,89.79,86.28,94.88","63.82,74.97,86.28,92.47,93.14,90.94,87.24,92.68",60,400,4.83,220,4050,14019,50,148,1.16,3,400,,60,5.0,,,2620,40,"73,4","76,6",62,55,155,,3~ 400V 60Hz ,600,600,484,37,Нет,ZAbluefin,0.0,1,EC,5.0
83,GR40IZID.DC.CR,116895/A01,Portfolio STDWW G1,400,4000,300,13,313,1,466,518,67.1,64.3,,,,,,,,1488,72,64,79,72,"63,125,250,500,1000,2000,4000,8000","64.92,68.84,63.35,61.95,56.11,54.41,54.44,46.23","38.75,52.62,55.45,58.21,55.90,55.56,55.32,45.51","65.21,76.99,67.81,69.92,67.40,62.90,60.50,53.07","39.32,61.15,59.70,66.91,67.16,64.03,61.40,52.32",50,400,0.98,180,494,6361,759,791,1.16,3,400,,50,2.1,,,2360,40,"74,7","81,9",62,55,155,,3~ 400V 50Hz ,550,550,395,25,Нет,ZAbluefin,0.0,1,EC,2.1
84,GR31CZIK.DC.CR,115499/A01,Portfolio STDWW G1,315,1000,2100,5,2105,7,6843,1901,30.8,30.7,,,,,,,,3926,99,92,103,99,"63,125,250,500,1000,2000,4000,8000","93.50,91.29,92.77,91.01,84.02,81.86,81.01,76.37","69.66,74.64,85.29,87.57,83.78,83.05,81.99,75.49","92.77,96.06,96.45,95.72,93.34,91.23,87.00,81.70","68.15,80.80,88.63,91.96,93.42,92.38,87.96,80.86",50,400,2.96,95,111,1042,2280,2286,1.16,3,400,,50,3.6,,,4100,55,"60,6","65,3",62,54,155,,3~ 400V 50Hz ,450,450,295,20,Нет,Cpro,0.0,1,EC,3.6
85,GR45IZID.GG.CR,117342/A01,Portfolio STDWW G1,450,8000,1500,32,1532,5,2198,4885,69.7,68.2,,,,,,,,2618,89,82,96,92,"63,125,250,500,1000,2000,4000,8000","76.32,75.71,86.92,80.98,73.86,73.54,69.04,68.08","48.44,61.72,76.67,77.07,73.75,74.68,70.02,66.81","80.17,82.76,93.73,87.29,84.79,86.19,82.46,77.01","53.98,68.73,83.27,84.09,84.70,87.35,83.43,76.01",50,400,7.43,220,1322,8016,1506,1538,1.16,3,400,,50,5.0,,,2620,40,"73,4","76,6",62,55,155,,3~ 400V 50Hz ,600,600,482,37,Нет,ZAbluefin,0.0,1,EC,5.0
86,GR31CZID.DG.CR,179078/A01,Portfolio STDWW G1,315,4400,1719,96,1815,5,2766,3381,65.6,62.1,,,,,,,,4013,88,86,95,94,"63,125,250,500,1000,2000,4000,8000","75.46,72.13,75.15,84.74,79.39,79.41,77.03,74.59","49.57,56.15,67.69,81.45,79.37,80.58,78.02,73.51","77.91,76.56,79.52,87.67,88.85,89.09,84.86,80.69","52.85,61.15,71.67,84.30,89.06,90.25,85.83,79.74",50,400,5.17,95,2145,4608,1885,1991,1.16,3,400,,50,3.9,,,4200,40,"65,6","69,9",62,54,155,,3~ 400V 50Hz ,450,450,340,22,Нет,Cpro,0.0,1,EC,3.9
87,GR40IZID.GG.CR,116897/A01,Portfolio STDWW G1,400,9000,300,66,366,3,842,2106,43.4,35.6,,,,,,,,2592,91,86,96,94,"63,125,250,500,1000,2000,4000,8000","80.10,80.79,84.82,84.34,76.60,75.26,71.52,84.53","55.11,65.03,76.49,80.50,76.38,76.42,72.48,82.35","81.40,84.23,88.79,88.57,87.89,87.39,83.66,87.54","55.84,69.48,79.81,85.46,87.77,88.54,84.62,85.63",50,400,3.26,180,2500,9982,369,450,1.16,3,400,,50,3.7,,,2860,55,"72,7","77,3",62,55,155,,3~ 400V 50Hz ,550,550,458,34,Нет,ZAbluefin,0.0,1,EC,3.7
88,GR40IZID.GG.CR,116897/A01,Portfolio STDWW G1,400,10000,1200,20,1220,4,1856,5156,65.7,64.7,,,,,,,,2555,89,83,96,94,"63,125,250,500,1000,2000,4000,8000","74.97,79.71,85.97,80.36,75.37,76.78,71.77,67.53","48.30,65.97,75.91,76.41,75.26,77.95,72.78,66.57","79.24,85.10,93.08,86.34,86.11,89.02,84.66,78.69","53.42,71.32,82.77,83.16,86.14,90.19,85.63,77.85",50,400,7.93,180,772,11191,1503,1528,1.16,3,400,,50,3.7,,,2860,55,"72,7","77,3",62,55,155,,3~ 400V 50Hz ,550,550,458,34,Нет,ZAbluefin,0.0,2,EC,7.4
89,ER45C2DN.G7.CR*,130588/2141,Portfolio STDWW G1,450,21000,1500,135,1635,5,2327,13576,70.2,64.5,13168.0,72.4,66.4,11941.0,12137.0,79.9,73.3,2855,96,91,100,98,"63,125,250,500,1000,2000,4000,8000","79.76,78.09,93.77,87.70,82.09,82.11,79.28,77.25","54.59,61.90,87.08,83.99,82.01,83.25,80.24,75.97","85.71,83.97,95.89,93.99,93.83,88.49,84.77,81.53","60.01,68.00,89.11,91.20,93.76,89.61,85.74,80.47",48,387,,197,2841,21690,1600,1744,1.16,3,400,D,50,,7.5,13.1,2950,40,"69,2","70,5",62,55,155,50.0,3~ 400V 50Hz D,650,630,756,88,Нет,Cpro,0.0,2,AC,15.0
90,GR45IZID.GG.CR,116903/A01,Portfolio STDWW G1,450,12000,1600,18,1618,5,2596,8652,62.3,61.6,,,,,,,,2558,97,89,103,96,"63,125,250,500,1000,2000,4000,8000","81.49,90.99,94.16,85.59,79.61,80.01,76.18,71.64","54.92,77.35,84.21,81.66,79.54,81.16,77.18,70.65","84.77,94.48,101.36,91.45,88.98,89.56,85.46,79.04","59.26,80.82,90.77,88.15,88.87,90.71,86.45,78.15",50,400,13.19,220,744,12312,1684,1703,1.16,3,400,,50,5.0,,,2620,40,"73,4","76,6",62,55,155,,3~ 400V 50Hz ,600,600,484,37,Нет,ZAbluefin,0.0,2,EC,10.0
91,GR45IZID.GG.CR,116903/A01,Portfolio STDWW G1,450,13000,1500,21,1521,5,2332,8421,65.2,64.3,,,,,,,,2515,94,87,101,95,"63,125,250,500,1000,2000,4000,8000","79.57,87.78,92.20,84.39,78.49,78.56,74.58,70.56","52.59,74.16,82.10,80.49,78.42,79.72,75.58,69.54","83.23,92.28,98.42,90.15,87.92,88.77,84.78,78.55","57.56,78.63,87.88,86.90,87.82,89.92,85.77,77.67",50,400,12.84,220,873,13561,1632,1655,1.16,3,400,,50,5.0,,,2620,40,"73,4","76,6",62,55,155,,3~ 400V 50Hz ,600,600,484,37,Нет,ZAbluefin,0.0,2,EC,10.0
92,GR40IZID.GG.CR,116897/A01,Portfolio STDWW G1,400,11000,1500,24,1524,5,2306,7045,66.1,65.1,,,,,,,,2846,92,86,100,97,"63,125,250,500,1000,2000,4000,8000","77.71,76.58,90.45,83.17,78.57,79.66,74.95,70.96","51.09,62.19,80.48,79.39,78.44,80.84,75.95,69.87","81.94,82.73,97.11,89.22,89.01,91.82,87.63,81.74","55.99,68.24,87.06,86.07,89.02,93.00,88.59,80.86",50,400,10.74,180,934,11043,1512,1537,1.16,3,400,,50,3.7,,,2860,55,"72,7","77,3",62,55,155,,3~ 400V 50Hz ,550,550,458,34,Нет,ZAbluefin,0.0,2,EC,7.4
93,GR40IZID.GG.CR,116897/A01,Portfolio STDWW G1,400,10000,1500,20,1520,5,2383,6619,63.8,62.9,,,,,,,,2801,93,87,101,97,"63,125,250,500,1000,2000,4000,8000","77.86,80.42,91.42,83.90,78.44,79.91,75.78,70.68","51.52,66.46,81.40,79.99,78.31,81.08,76.78,69.70","82.73,85.80,98.82,89.45,88.80,91.45,87.36,81.26","56.98,71.71,88.53,86.21,88.80,92.63,88.32,80.40",50,400,10.11,180,772,10199,1560,1581,1.16,3,400,,50,3.7,,,2860,55,"72,7","77,3",62,55,155,,3~ 400V 50Hz ,550,550,458,34,Нет,ZAbluefin,0.0,2,EC,7.4
94,GR40IZID.GG.CR,117337/A01,Portfolio STDWW G1,400,14000,1200,40,1240,4,1781,6926,69.6,67.4,,,,,,,,2803,89,85,97,96,"63,125,250,500,1000,2000,4000,8000","79.04,75.78,85.66,82.67,77.36,78.07,73.24,76.01","53.10,59.62,76.94,79.26,77.21,79.25,74.23,74.38","81.76,80.42,92.92,88.33,88.01,91.14,87.10,83.20","56.03,65.05,84.14,85.38,88.04,92.32,88.06,82.01",50,400,10.57,180,1512,14290,1250,1292,1.16,3,400,,50,3.7,,,2860,55,"72,7","77,3",62,55,155,,3~ 400V 50Hz ,550,550,458,34,Нет,ZAbluefin,0.0,2,EC,7.4
95,GR40IZID.GG.CR,117337/A01,Portfolio STDWW G1,400,15000,900,46,946,4,1421,5919,66.6,63.3,,,,,,,,2688,91,85,97,95,"63,125,250,500,1000,2000,4000,8000","83.39,81.35,86.87,82.73,76.70,77.16,72.86,79.93","58.21,64.97,77.61,79.00,76.50,78.33,73.83,78.21","84.10,83.85,90.87,88.60,87.43,90.11,86.00,84.70","58.31,68.33,81.52,85.64,87.45,91.28,86.96,83.21",60,400,9.06,180,1736,15927,1015,1066,1.16,3,400,,60,3.7,,,2860,55,"72,7","77,3",62,55,155,,3~ 400V 60Hz ,550,550,458,34,Нет,ZAbluefin,0.0,2,EC,7.4
96,GR40IZID.GG.CR,116897/A01,Portfolio STDWW G1,400,11000,1200,24,1224,4,1808,5523,67.7,66.4,,,,,,,,2607,88,83,96,94,"63,125,250,500,1000,2000,4000,8000","74.77,76.06,85.51,80.36,75.40,76.70,71.43,68.48","47.85,62.11,75.45,76.50,75.30,77.87,72.43,67.45","78.63,81.77,91.47,86.45,86.25,89.39,85.11,79.38","52.79,67.73,81.38,83.36,86.30,90.56,86.08,78.53",50,400,8.47,180,934,12062,1443,1472,1.16,3,400,,50,3.7,,,2860,55,"72,7","77,3",62,55,155,,3~ 400V 50Hz ,550,550,458,34,Нет,ZAbluefin,0.0,2,EC,7.4
97,GR40IZID.GG.CR,116897/A01,Portfolio STDWW G1,400,13000,1200,34,1234,4,1767,6379,69.9,67.9,,,,,,,,2726,88,84,97,95,"63,125,250,500,1000,2000,4000,8000","76.70,73.51,84.60,81.80,76.19,77.43,72.37,73.23","50.38,58.02,75.45,78.20,76.06,78.61,73.36,71.86","79.90,79.10,92.15,87.56,87.02,90.34,86.30,81.61","54.17,64.10,82.89,84.61,87.08,91.52,87.26,80.58",50,400,9.76,180,1304,13608,1315,1352,1.16,3,400,,50,3.7,,,2860,55,"72,7","77,3",62,55,155,,3~ 400V 50Hz ,550,550,458,34,Нет,ZAbluefin,0.0,2,EC,7.4
98,GR50IZID.GL.CR,117344/A01,Portfolio STDWW G1,500,19000,1000,30,1030,4,1411,7448,73.0,70.9,,,,,,,,1996,88,81,95,89,"63,125,250,500,1000,2000,4000,8000","76.29,83.60,82.64,79.40,74.54,71.79,67.97,69.21","49.70,69.83,75.17,75.63,74.38,72.92,68.94,68.06","80.47,91.83,86.91,87.09,83.76,81.53,78.11,74.35","54.46,78.26,78.03,83.79,83.58,82.67,79.07,73.42",50,400,11.39,280,1151,20484,1162,1197,1.16,3,400,,50,4.6,,,2150,40,"75,1","78,6",62,55,155,,3~ 400V 50Hz ,670,670,534,54,Нет,ZAbluefin,0.0,2,EC,9.2
99,GR40IZID.DC.CR,116895/A01,Portfolio STDWW G1,400,13000,600,34,634,3,944,3410,67.2,63.5,,,,,,,,2250,86,80,93,87,"63,125,250,500,1000,2000,4000,8000","80.18,79.37,81.15,78.56,72.07,69.66,69.56,71.60","54.93,63.98,72.04,74.57,71.80,70.81,70.49,70.60","78.81,82.97,90.61,83.90,82.08,77.57,74.32,75.54","53.50,68.81,80.37,80.82,81.84,78.70,75.27,74.50",50,400,5.32,180,1304,13631,660,697,1.16,3,400,,50,2.1,,,2360,40,"74,7","81,9",62,55,155,,3~ 400V 50Hz ,550,550,395,25,Нет,ZAbluefin,0.0,2,EC,4.2
100,GR40IZID.GG.CR,117337/A01,Portfolio STDWW G1,400,12000,1200,29,1229,4,1777,5922,69.2,67.5,,,,,,,,2662,88,83,96,94,"63,125,250,500,1000,2000,4000,8000","75.64,73.90,85.04,81.13,75.65,77.01,71.74,70.63","48.95,59.33,75.24,77.34,75.53,78.18,72.74,69.44","79.06,79.92,91.67,86.98,86.53,89.83,85.65,80.38","53.27,65.48,81.80,83.96,86.59,91.00,86.61,79.44",50,400,9.07,180,1111,12863,1379,1412,1.16,3,400,,50,3.7,,,2860,55,"72,7","77,3",62,55,155,,3~ 400V 50Hz ,550,550,458,34,Нет,ZAbluefin,0.0,2,EC,7.4
101,GR45IZID.GG.CR,116903/A01,Portfolio STDWW G1,450,10000,1600,12,1612,5,2804,7788,57.5,57.1,,,,,,,,2524,99,90,104,97,"63,125,250,500,1000,2000,4000,8000","85.92,95.06,94.43,87.48,80.73,80.51,76.34,71.88","60.64,81.05,85.35,83.50,80.65,81.66,77.33,70.91","87.68,97.77,100.83,92.75,89.94,89.65,85.25,78.86","62.53,83.93,90.67,89.41,89.79,90.80,86.24,77.98",50,400,11.89,220,517,10397,1729,1743,1.16,3,400,,50,5.0,,,2620,40,"73,4","76,6",62,55,155,,3~ 400V 50Hz ,600,600,484,37,Нет,ZAbluefin,0.0,2,EC,10.0
102,GR45IZID.GG.CR,116903/A01,Portfolio STDWW G1,450,15000,1200,28,1228,4,1740,7249,70.6,69.0,,,,,,,,2369,89,83,95,92,"63,125,250,500,1000,2000,4000,8000","76.91,80.97,85.77,81.71,75.70,74.63,70.58,69.47","49.85,67.18,75.99,77.80,75.56,75.78,71.56,68.42","80.12,86.35,91.07,87.11,85.29,86.53,82.81,77.48","54.30,72.57,80.92,83.96,85.23,87.67,83.80,76.60",60,460,9.64,220,1162,16608,1471,1506,1.16,3,460,,60,5.0,,,2620,40,"73,4","76,6",62,55,155,,3~ 460V 60Hz ,600,600,484,37,Нет,ZAbluefin,0.0,2,EC,10.0
103,ER40C2DN.G7.CR*,130594/2Z41,Portfolio STDWW G1,400,17000,1500,143,1643,5,2339,11047,70.2,64.1,10716.0,72.4,66.1,9625.0,9857.0,80.6,73.6,3237,94,91,99,97,"63,125,250,500,1000,2000,4000,8000","79.58,76.58,84.24,90.96,82.81,81.82,79.30,77.87","53.58,60.70,77.33,86.35,82.59,82.98,80.28,76.67","84.45,82.64,88.00,94.46,93.86,88.33,84.41,81.57","58.82,66.89,80.85,90.34,93.74,89.46,85.38,80.49",55,400,,154,3046,15312,1217,1333,1.16,3,400,D,50,,5.5,10.2,2925,40,"68,6","70,9",62,55,155,57.0,3~ 400V 50Hz D,520,500,720,86,Нет,Cpro,0.0,2,AC,11.0
104,GR40IZID.DC.CR,116895/A01,Portfolio STDWW G1,400,13000,300,34,334,2,568,2051,58.8,52.8,,,,,,,,1993,87,80,91,86,"63,125,250,500,1000,2000,4000,8000","79.79,81.57,80.00,77.97,70.79,68.80,70.21,72.33","54.58,66.56,72.36,74.23,70.51,69.96,71.12,71.62","78.23,86.98,84.17,83.04,81.16,75.70,73.72,76.23","52.90,73.18,75.30,80.00,80.87,76.83,74.64,75.46",50,400,3.34,180,1304,15421,422,470,1.16,3,400,,50,2.1,,,2360,40,"74,7","81,9",62,55,155,,3~ 400V 50Hz ,550,550,395,25,Нет,ZAbluefin,0.0,2,EC,4.2
105,GR40IZID.GG.CR,116897/A01,Portfolio STDWW G1,400,9000,1500,16,1516,5,2482,6205,61.1,60.4,,,,,,,,2763,94,87,101,97,"63,125,250,500,1000,2000,4000,8000","79.41,84.85,91.95,84.64,78.56,80.09,75.82,70.54","53.35,70.94,82.09,80.72,78.42,81.25,76.83,69.58","83.60,89.31,99.67,89.92,88.83,91.21,87.03,80.88","58.02,75.40,89.27,86.64,88.81,92.39,88.00,80.03",50,400,9.49,180,625,9318,1608,1626,1.16,3,400,,50,3.7,,,2860,55,"72,7","77,3",62,55,155,,3~ 400V 50Hz ,550,550,458,34,Нет,ZAbluefin,0.0,2,EC,7.4
106,GR45IZID.GG.CR,116903/A01,Portfolio STDWW G1,450,14000,1500,24,1524,5,2272,8835,67.1,66.0,,,,,,,,2547,94,87,100,95,"63,125,250,500,1000,2000,4000,8000","79.75,85.46,92.19,84.85,78.15,77.96,73.62,70.55","52.43,71.80,81.93,80.92,78.06,79.10,74.61,69.46","83.10,90.41,98.06,90.20,87.77,88.81,84.93,78.93","57.28,76.70,87.50,86.95,87.68,89.97,85.91,78.03",50,400,13.46,220,1012,14424,1592,1618,1.16,3,400,,50,5.0,,,2620,40,"73,4","76,6",62,55,155,,3~ 400V 50Hz ,600,600,484,37,Нет,ZAbluefin,0.0,2,EC,10.0
107,GR40IZID.DG.CR,116896/A01,Portfolio STDWW G1,400,13000,900,34,934,4,1316,4751,71.0,68.4,,,,,,,,2485,87,82,94,89,"63,125,250,500,1000,2000,4000,8000","76.02,74.37,82.12,82.09,74.51,71.48,69.73,71.49","50.33,59.09,72.05,77.78,74.15,72.63,70.69,70.06","78.36,78.50,91.72,86.40,83.94,79.85,75.31,75.40","52.75,63.66,81.26,83.27,83.70,80.98,76.29,74.01",50,400,7.33,180,1304,13094,913,948,1.16,3,400,,50,2.5,,,2500,60,"75,0","81,5",62,55,155,,3~ 400V 50Hz ,550,550,433,29,Нет,ZAbluefin,0.0,2,EC,5.0
108,GR40CZID.GG.CR,115527/A01,Portfolio STDWW G1,400,9800,1800,47,1847,6,3154,8587,58.6,57.1,,,,,,,,3008,94,90,99,98,"63,125,250,500,1000,2000,4000,8000","87.49,80.77,89.23,87.99,82.47,81.73,79.21,77.55","60.27,64.82,82.10,84.19,82.33,82.92,80.18,76.56","84.09,83.27,91.99,90.89,90.55,94.09,90.27,84.06","57.84,68.09,84.64,87.32,90.52,95.31,91.27,83.29",50,400,13.08,154,1012,10354,2009,2062,1.16,3,400,,50,5.6,,,3170,40,"61,8","64,4",62,54,155,,3~ 400V 50Hz ,550,550,381,39,Нет,Cpro,0.0,2,EC,11.2
109,GR45IZID.GG.CR,116903/A01,Portfolio STDWW G1,450,15000,1500,28,1528,5,2227,9279,68.6,67.4,,,,,,,,2581,94,87,100,95,"63,125,250,500,1000,2000,4000,8000","80.05,83.03,92.19,85.38,77.87,77.48,72.77,70.69","52.41,69.29,81.83,81.40,77.77,78.62,73.76,69.54","83.14,88.59,97.70,90.33,87.68,88.92,85.12,79.35","57.11,74.81,87.13,87.07,87.59,90.08,86.09,78.42",50,400,14.13,220,1162,15249,1550,1579,1.16,3,400,,50,5.0,,,2620,40,"73,4","76,6",62,55,155,,3~ 400V 50Hz ,600,600,484,37,Нет,ZAbluefin,0.0,2,EC,10.0
